,accuracy,precision,recall,f1,roc_auc
logistic_regression,0.9957173447537473,0.9978494623655914,0.9935760171306209,0.9957081545064378,0.9996194214288662
random_forest,0.9978586723768736,1.0,0.9957173447537473,0.9978540772532188,1.0
xgboost,1.0,1.0,1.0,1.0,1.0
