,accuracy,precision,recall,f1,roc_auc
logistic_regression,0.9988571428571429,0.9965753424657534,1.0,0.9982847341337907,0.9999705785435202
random_forest,1.0,1.0,1.0,1.0,1.0
xgboost,1.0,1.0,1.0,1.0,1.0
